bbox0, bbox1, bbox2, bbox3, object_id, im_path, device,sira
2490,1424,2506,1544,0, GOpro360/GS__7089.JPG, Go_Pro_360,1
2598,1466,2611,1480,1, GOpro360/GS__7089.JPG, Go_Pro_360,1
2583,1483,2865,1555,2, GOpro360/GS__7089.JPG, Go_Pro_360,1
2590,1525,2979,1579,3, GOpro360/GS__7089.JPG, Go_Pro_360,1
2446,1362,2466,1498,0, GOpro360/GS__7090.JPG, Go_Pro_360,2
2574,1408,2588,1423,1, GOpro360/GS__7090.JPG, Go_Pro_360,2
2861,1423,2878,1506,2, GOpro360/GS__7090.JPG, Go_Pro_360,2
2910,1467,2939,1516,3, GOpro360/GS__7090.JPG, Go_Pro_360,2
2424,1380,2450,1555,0, GOpro360/GS__7091.JPG, Go_Pro_360,3
2577,1444,2592,1462,1, GOpro360/GS__7091.JPG, Go_Pro_360,3
2929,1466,2949,1465,2, GOpro360/GS__7091.JPG, Go_Pro_360,3
3015,1521,3048,1581,3, GOpro360/GS__7091.JPG, Go_Pro_360,3
2462,1386,2504,1633,0, GOpro360/GS__7092.JPG, Go_Pro_360,4
2679,1488,2699,1509,1, GOpro360/GS__7092.JPG, Go_Pro_360,4
3136,1508,3166,1631,2, GOpro360/GS__7092.JPG, Go_Pro_360,4
3289,1573,3339,1647,3, GOpro360/GS__7092.JPG, Go_Pro_360,4
2429,1247,2509,1651,0, GOpro360/GS__7093.JPG, Go_Pro_360,5
2793,1421,2821,1421,1, GOpro360/GS__7093.JPG, Go_Pro_360,5
3424,1445,3470,1603,2, GOpro360/GS__7093.JPG, Go_Pro_360,5
3703,1523,3771,1624,3, GOpro360/GS__7093.JPG, Go_Pro_360,1
1332,1735,1410,2041,0, GOPro9/GOPR7125.JPG, Go_Pro_Hero_9,1
1625,1830,1662,1864,1, GOPro9/GOPR7125.JPG, Go_Pro_Hero_9,1
2262,1832,2310,2013,2, GOPro9/GOPR7125.JPG, Go_Pro_Hero_9,1
2354,1916,2424,2016,3, GOPro9/GOPR7125.JPG, Go_Pro_Hero_9,1
1275,1821,1361,2183,0, GOPro9/GOPR7126.JPG, Go_Pro_Hero_9,2
1610,1939,1646,1973,1, GOPro9/GOPR7126.JPG, Go_Pro_Hero_9,2
2333,1933,2392,2135,2, GOPro9/GOPR7126.JPG, Go_Pro_Hero_9,2
2467,2025,2540,2142,3, GOPro9/GOPR7126.JPG, Go_Pro_Hero_9,2
1227,1785,1346,2248,0, GOPro9/GOPR7127.JPG, Go_Pro_Hero_9,3
1639,1945,1684,1986,1, GOPro9/GOPR7127.JPG, Go_Pro_Hero_9,3
2515,1927,2595,2165,2, GOPro9/GOPR7127.JPG, Go_Pro_Hero_9,3
2743,2037,2832,2172,3, GOPro9/GOPR7127.JPG, Go_Pro_Hero_9,3
1806,1561,1977,2175,0, GOPro9/GOPR7128.JPG, Go_Pro_Hero_9,4
2373,1811,2422,1858,1, GOPro9/GOPR7128.JPG, Go_Pro_Hero_9,4
3503,1770,3592,2084,2, GOPro9/GOPR7128.JPG, Go_Pro_Hero_9,4
3901,1907,4023,2102,3, GOPro9/GOPR7128.JPG, Go_Pro_Hero_9,4
1215,1359,1560,2409,0, GOPro9/GOPR7129.JPG, Go_Pro_Hero_9,5
2195,1806,2264,1867,1, GOPro9/GOPR7129.JPG, Go_Pro_Hero_9,5
3767,1675,3921,2098,2, GOPro9/GOPR7129.JPG, Go_Pro_Hero_9,5
4546,1808,4726,2097,3, GOPro9/GOPR7129.JPG, Go_Pro_Hero_9,5
515,1803,575,1865,1, Mobile/1.jpg, Mobie,1
1591,1906,1645,2190,2, Mobile/1.jpg, Mobie,1
1763,2050,1845,2226,3, Mobile/1.jpg, Mobie,1
397,1825,463,1901,1, Mobile/2.jpg, Mobie,2
1706,1955,1768,2302,2, Mobile/2.jpg, Mobie,2
1988,2135,2102,2355,3, Mobile/2.jpg, Mobie,2
1268,1192,1380,2040,0, Mobile/3.jpg, Mobie,3
1962,1603,2024,1676,1, Mobile/3.jpg, Mobie,
3618,1708,3745,2189,2, Mobile/3.jpg, Mobie,
522,1080,668,1976,0, Mobile/4.jpg, Mobie,
1329,1537,1391,1607,1, Mobile/4.jpg, Mobie,
2869,1654,2959,2091,2, Mobile/4.jpg, Mobie,
3455,1894,3623,2194,3, Mobile/4.jpg, Mobie,
237,639,405,2259,0, Mobile/5.jpg, Mobie,
1539,1569,1634,1676,1, Mobile/5.jpg, Mobie,
3836,1744,4000,2396,2, Mobile/5.jpg, Mobie,
